{
  "Author": "Lynie",
  "Name": "Infinite Roleplay",
  "Description": "An all around roleplay toolset for dalamud.",
  "InternalName": "InfiniteRoleplay",
  "AssemblyVersion": "0.7.0.10",
  "RepoUrl": "https://github.com/serifas/infinite-roleplay-plugin",
  "ApplicableVersion": "any",
  "Tags": [ "roleplay" ],
  "DalamudApiLevel": 8,
  "LoadPriority": 69420,
  "LoadRequiredState": 2,
  "LoadSync": true,
  "IconUrl": "https://raw.githubusercontent.com/serifas/infinite-roleplay-plugin/main/SamplePlugin/UI%20Images/irp.png"
}
